trade_date,equity
2019-01-02,1059993.0849826778
2019-01-03,1062152.0807985775
2019-01-04,1062453.336028703
2019-01-07,1062327.8130161506
2019-01-08,1063156.2648989959
2019-01-09,1062603.9636437658
2019-01-10,1063080.9510914644
2019-01-11,1062378.0222211715
2019-01-14,1062729.486656318
2019-01-15,1063382.2063215899
2019-01-16,1062252.4992086194
2019-01-17,1064235.7628069457
2019-01-18,1063959.6121793306
2019-01-21,1316564.1278560706
2019-01-22,1315434.4207501193
2019-01-23,1316689.650867843
2019-01-24,1325350.7386801376
2019-01-25,1324848.646633048
2019-01-28,1335141.5335983834
2019-01-29,1339283.7929868721
2019-01-30,1346062.0356225807
2019-01-31,1345183.374540174
2019-02-01,1345057.8515284017
2019-02-11,1341668.7302105473
2019-02-12,1346313.0816461255
2019-02-13,1342170.8222576368
2019-02-14,1330999.2742098947
2019-02-15,1339158.2699750997
2019-02-18,1337024.3787749691
2019-02-19,1344555.7594813122
2019-02-20,1336020.19468079
2019-02-21,1336271.2407043348
2019-02-22,1354095.5083760133
2019-02-25,1346564.1276696702
2019-02-26,1349325.6339286626
2019-02-27,1349074.5879051178
2019-02-28,1355978.353552599
2019-03-01,1370539.0229181955
2019-03-04,1373551.5752007328
2019-03-05,1367777.516659203
2019-03-06,1356354.9225879163
2019-03-07,1341668.7302105473
2019-03-08,1342296.3452694092
2019-03-11,1342296.3452694092
2019-03-12,1346815.173693215
2019-03-13,1342421.8682811817
2019-03-14,1350078.771999297
2019-03-15,1366396.7635297067
2019-03-18,1363635.2572707143
2019-03-19,1368405.131718065
2019-03-20,1368656.1777416097
2019-03-21,1364137.3493178037
2019-03-22,1351208.4791052486
2019-03-25,1352840.2782582894
2019-03-26,1361124.7970352666
2019-03-27,1359241.951858681
2019-03-28,1383342.3701189784
2019-03-29,1400287.9767082501
2019-04-01,1399283.7926140712
2019-04-02,1405559.9432026902
2019-04-03,1402170.8218848358
2019-04-04,1393635.2570843138
2019-04-08,1417986.7213681561
2019-04-09,1409074.587532317
2019-04-10,1397400.9474374854
2019-04-11,1387986.7215545566
2019-04-12,1386103.876377971
2019-04-15,1394890.4872020376
2019-04-16,1386605.9684250604
2019-04-17,1383091.3240954336
2019-04-18,1392882.1190136797
2019-04-19,1368154.0856945203
2019-04-22,1368154.0856945203
2019-04-23,1369283.7928004717
2019-04-24,1366647.8095532516
2019-04-25,1362756.5961883075
2019-04-26,1366145.717506162
2019-04-29,1360246.1359528601
2019-04-30,1337903.039857376
2019-05-06,1348949.0648933456
2019-05-07,1341543.207198775
2019-05-08,1336898.8557631967
2019-05-09,1349576.6799522075
2019-05-10,1349827.7259757523
2019-05-13,1344179.190445995
2019-05-14,1349451.156940435
2019-05-15,1350831.9100699313
2019-05-16,1341166.6381634579
2019-05-17,1339911.408045734
2019-05-20,1343175.006351816
2019-05-21,1341166.6381634579
2019-05-22,1333133.1654100253
2019-05-23,1334388.395527749
2019-05-24,1336647.809739652
2019-05-27,1344430.2364695398
2019-05-28,1338656.17792801
2019-05-29,1335643.625645473
2019-05-30,1332882.1193864804
2019-05-31,1329618.5210803985
2019-06-03,1327861.1989155852
2019-06-04,1337024.3787749691
2019-06-05,1338154.0858809205
2019-06-06,1346815.173693215
2019-06-10,1353342.370305379
2019-06-11,1349200.1109168902
2019-06-12,1347066.2197167599
2019-06-13,1348321.4498344837
2019-06-14,1348070.4038109388
2019-06-17,1345434.4205637188
2019-06-18,1345810.989599036
2019-06-19,1354848.6464466476
2019-06-20,1353091.324281834
2019-06-21,1350831.9100699313
2019-06-24,1347693.8347756218
2019-06-25,1346564.1276696702
2019-06-26,1347191.7427285323
2019-06-27,1346815.173693215
2019-06-28,1356982.537646778
2019-07-01,1359995.0899293153
2019-07-02,1363886.3032942591
2019-07-03,1368656.1777416097
2019-07-04,1367400.9476238857
2019-07-05,1363635.2572707143
2019-07-08,1363635.2572707143
2019-07-09,1363886.3032942591
2019-07-10,1364388.3953413486
2019-07-11,1369911.4078593333
2019-07-12,1374304.713271367
2019-07-15,1375057.8513420012
2019-07-16,1375936.5124244078
2019-07-17,1375434.4203773183
2019-07-18,1383216.847107206
2019-07-19,1388112.244566329
2019-07-22,1374304.713271367
2019-07-23,1373928.1442360496
2019-07-24,1375308.8973655459
2019-07-25,1373802.6212242774
2019-07-26,1370539.0229181955
2019-07-29,1372045.299059464
2019-07-30,1358739.8598115915
2019-07-31,1354472.0774113303
2019-08-01,1349325.6339286626
2019-08-02,1336773.3327514245
2019-08-05,1336898.8557631967
2019-08-06,1341166.6381634579
2019-08-07,1344806.8055048569
2019-08-08,1340287.977081051
2019-08-09,1346313.0816461255
2019-08-12,1340790.0691281406
2019-08-13,1338279.608892693
2019-08-14,1328363.2909626747
2019-08-15,1327610.1528920406
2019-08-16,1335141.5335983834
2019-08-19,1338781.7009397824
2019-08-20,1341543.207198775
2019-08-21,1338656.17792801
2019-08-22,1336145.7176925624
2019-08-23,1329744.044092171
2019-08-26,1330622.7051745777
2019-08-27,1330999.2742098947
2019-08-28,1323718.9395270965
2019-08-29,1321585.0483269661
2019-08-30,1322714.7554329175
2019-09-02,1320329.818209242
2019-09-03,1332882.1193864804
2019-09-04,1332882.1193864804
2019-09-05,1335267.0566101559
2019-09-06,1337526.4708220586
2019-09-09,1339660.3620221892
2019-09-10,1335518.1026337005
2019-09-11,1346438.604657898
2019-09-12,1339283.7929868721
2019-09-16,1334388.395527749
2019-09-17,1335894.6716690178
2019-09-18,1333258.6884217977
2019-09-19,1334137.3495042045
2019-09-20,1325978.3537389995
2019-09-23,1325727.3077154546
2019-09-24,1324346.5545859584
2019-09-25,1326857.014821406
2019-09-26,1324095.5085624137
2019-09-27,1322840.2784446897
2019-09-30,1328614.3369862195
2019-10-08,1334137.3495042045
2019-10-09,1331877.9352923015
2019-10-10,1334262.8725159767
2019-10-11,1338154.0858809205
2019-10-14,1333760.7804688872
2019-10-15,1337526.4708220586
2019-10-16,1341041.1151516854
2019-10-17,1336145.7176925624
2019-10-18,1344681.2824930844
2019-10-21,1341166.6381634579
2019-10-22,1333886.3034806596
2019-10-23,1332380.027339391
2019-10-24,1336271.2407043348
2019-10-25,1335141.5335983834
2019-10-28,1332505.5503511634
2019-10-29,1332254.5043276185
2019-10-30,1330748.2281863499
2019-10-31,1334513.9185395215
2019-11-01,1334890.4875748386
2019-11-04,1335141.5335983834
2019-11-05,1332254.5043276185
2019-11-06,1331250.3202334396
2019-11-07,1333384.21143357
2019-11-08,1328865.3830097644
2019-11-11,1327610.1528920406
2019-11-12,1326480.445786089
2019-11-13,1328990.9060215366
2019-11-14,1330246.1361392604
2019-11-15,1329367.4750568538
2019-11-18,1333133.1654100253
2019-11-19,1332254.5043276185
2019-11-20,1333509.7344453423
2019-11-21,1336773.3327514245
2019-11-22,1357359.1066820952
2019-11-25,1353593.4163289238
2019-11-26,1349200.1109168902
2019-11-27,1346689.6506814426
2019-11-28,1345434.4205637188
2019-11-29,1349827.7259757523
2019-12-02,1349200.1109168902
2019-12-03,1346438.604657898
2019-12-04,1346689.6506814426
2019-12-05,1347442.788752077
2019-12-06,1351334.0021170208
2019-12-09,1347944.8807991664
2019-12-10,1349200.1109168902
2019-12-11,1349200.1109168902
2019-12-12,1351082.9560934762
2019-12-13,1367400.9476238857
2019-12-16,1379953.248801124
2019-12-17,1378195.9266363108
2019-12-18,1387233.5834839223
2019-12-19,1395392.5792491273
2019-12-20,1386982.5374603777
2019-12-23,1379074.5877187175
2019-12-24,1377944.880612766
2019-12-25,1388363.2905898737
2019-12-26,1386857.0144486052
2019-12-27,1394011.826119631
2019-12-30,1401668.7298377464
2019-12-31,1406438.604285097
2020-01-02,1400036.9306847053
2020-01-03,1393258.6880489967
2020-01-06,1396396.7633433063
2020-01-07,1395392.5792491273
2020-01-08,1401919.7758612912
2020-01-09,1392631.0729901348
2020-01-10,1395392.5792491273
2020-01-13,1391752.411907728
2020-01-14,1380455.3408482135
2020-01-15,1380957.4328953032
2020-01-16,1380078.7718128965
2020-01-17,1372672.9141183258
2020-01-20,1364388.3953413486
2020-01-21,1375685.4664008631
2020-01-22,1361501.366070584
2020-01-23,1332003.458304074
2020-02-03,1344430.2364695398
2020-02-04,1344681.2824930844
2020-02-05,1347944.8807991664
2020-02-06,1342923.9603282711
2020-02-07,1357610.15270564
2020-02-10,1362756.5961883075
2020-02-11,1362756.5961883075
2020-02-12,1373677.098212505
2020-02-13,1384346.5542131574
2020-02-14,1379576.679765807
2020-02-17,1370539.0229181955
2020-02-18,1369911.4078593333
2020-02-19,1372421.8680947812
2020-02-20,1364890.487388438
2020-02-21,1360497.1819764047
2020-02-24,1365894.6714826173
2020-02-25,1375685.4664008631
2020-02-26,1370162.4538828782
2020-02-27,1369158.2697886992
2020-02-28,1388488.813601646
2020-03-02,1388112.244566329
2020-03-03,1402672.9139319253
2020-03-04,1403175.005979015
2020-03-05,1388488.813601646
2020-03-06,1381208.478918848
2020-03-09,1384346.5542131574
2020-03-10,1379074.5877187175
2020-03-11,1373677.098212505
2020-03-12,1367400.9476238857
2020-03-13,1355978.353552599
2020-03-16,1350580.8640463864
2020-03-17,1327861.1989155852
2020-03-18,1314430.2366559403
2020-03-19,1321585.0483269661
2020-03-20,1305894.6718554182
2020-03-23,1310287.9772674516
2020-03-24,1330371.6591510328
2020-03-25,1326605.9687978614
2020-03-26,1331250.3202334396
2020-03-27,1324597.6006095032
2020-03-30,1319702.2031503804
2020-03-31,1332003.458304074
2020-04-01,1335141.5335983834
2020-04-02,1333760.7804688872
2020-04-03,1337526.4708220586
2020-04-07,1336145.7176925624
2020-04-08,1332756.5963747082
2020-04-09,1335141.5335983834
2020-04-10,1337149.9017867416
2020-04-13,1341041.1151516854
2020-04-14,1332882.1193864804
2020-04-15,1331375.843245212
2020-04-16,1333133.1654100253
2020-04-17,1331375.843245212
2020-04-20,1324346.5545859584
2020-04-21,1325727.3077154546
2020-04-22,1324095.5085624137
2020-04-23,1320078.7721856975
2020-04-24,1322589.232421145
2020-04-27,1328990.9060215366
2020-04-28,1334890.4875748386
2020-04-29,1334137.3495042045
2020-04-30,1327359.1068684957
2020-05-06,1323718.9395270965
2020-05-07,1327359.1068684957
2020-05-08,1329241.9520450814
2020-05-11,1323216.847480007
2020-05-12,1323216.847480007
2020-05-13,1317693.834962022
2020-05-14,1317693.834962022
2020-05-15,1326731.4918096338
2020-05-18,1325727.3077154546
2020-05-19,1319200.1111032907
2020-05-20,1318823.5420679736
2020-05-21,1313551.5755735335
2020-05-22,1317317.265926705
2020-05-25,1321961.6173622832
2020-05-26,1322840.2784446897
2020-05-27,1325852.830727227
2020-05-28,1320329.818209242
2020-05-29,1329116.429033309
2020-06-01,1339660.3620221892
2020-06-02,1334639.441551294
2020-06-03,1333258.6884217977
2020-06-04,1329241.9520450814
2020-06-05,1331626.8892687568
2020-06-08,1329618.5210803985
2020-06-09,1326354.9227743165
2020-06-10,1322840.2784446897
2020-06-11,1320455.3412210145
2020-06-12,1319074.5880915183
2020-06-15,1321836.0943505107
2020-06-16,1320078.7721856975
2020-06-17,1322714.7554329175
2020-06-18,1323467.8935035518
2020-06-19,1320204.2951974699
2020-06-22,1318446.9730326566
2020-06-23,1329116.429033309
2020-06-24,1323091.3244682346
2020-06-29,1325852.830727227
2020-06-30,1350329.8180228418
2020-07-01,1354095.5083760133
2020-07-02,1357359.1066820952
2020-07-03,1387108.0604721499
2020-07-06,1378070.4036245383
2020-07-07,1379325.6337422621
2020-07-08,1382212.663013027
2020-07-09,1363886.3032942591
2020-07-10,1364262.8723295762
2020-07-13,1360999.2740234942
2020-07-14,1352714.755246517
2020-07-15,1343426.0523753606
2020-07-16,1339534.8390104168
2020-07-17,1352965.8012700616
2020-07-20,1349325.6339286626
2020-07-21,1347693.8347756218
2020-07-22,1343175.006351816
2020-07-23,1337024.3787749691
2020-07-24,1332631.0733629358
2020-07-27,1335016.010586611
2020-07-28,1338028.5628691483
2020-07-29,1335141.5335983834
2020-07-30,1334639.441551294
2020-07-31,1340162.4540692787
2020-08-03,1345936.5126108082
2020-08-04,1341041.1151516854
2020-08-05,1341417.6841870025
2020-08-06,1337024.3787749691
2020-08-07,1346815.173693215
2020-08-10,1347693.8347756218
2020-08-11,1358112.2447527295
2020-08-12,1356731.4916232333
2020-08-13,1345183.374540174
2020-08-14,1351836.0941641103
2020-08-17,1345434.4205637188
2020-08-18,1342170.8222576368
2020-08-19,1342672.9143047263
2020-08-20,1341166.6381634579
2020-08-21,1338279.608892693
2020-08-24,1339032.7469633273
2020-08-25,1337651.993833831
2020-08-26,1336020.19468079
2020-08-27,1343802.621410678
2020-08-28,1340036.9310575062
2020-08-31,1339409.3159986443
2020-09-01,1343175.006351816
2020-09-02,1346815.173693215
2020-09-03,1350078.771999297
2020-09-04,1354597.6004231027
2020-09-07,1352965.8012700616
2020-09-08,1348949.0648933456
2020-09-09,1354974.16945842
2020-09-10,1349200.1109168902
2020-09-11,1345434.4205637188
2020-09-14,1347568.3117638493
2020-09-15,1351585.0481405654
2020-09-16,1349953.2489875245
2020-09-17,1365518.1024473
2020-09-18,1363509.7342589418
2020-09-21,1361250.320047039
2020-09-22,1357986.7217409571
2020-09-23,1350455.3410346142
2020-09-24,1344430.2364695398
2020-09-25,1354221.0313877857
2020-09-28,1352840.2782582894
2020-09-29,1349451.156940435
2020-09-30,1349576.6799522075
2020-10-09,1353091.324281834
2020-10-12,1349074.5879051178
2020-10-13,1346438.604657898
2020-10-14,1345434.4205637188
2020-10-15,1347442.788752077
2020-10-16,1345936.5126108082
2020-10-19,1342672.9143047263
2020-10-20,1344555.7594813122
2020-10-21,1349074.5879051178
2020-10-22,1347693.8347756218
2020-10-23,1349200.1109168902
2020-10-26,1342547.3912929539
2020-10-27,1335643.625645473
2020-10-28,1341417.6841870025
2020-10-29,1343551.575387133
2020-10-30,1348572.4958580283
2020-11-02,1349576.6799522075
2020-11-03,1351208.4791052486
2020-11-04,1364890.487388438
2020-11-05,1367526.4706356581
2020-11-06,1368907.2237651544
2020-11-09,1365894.6714826173
2020-11-10,1371417.684000602
2020-11-11,1371292.1609888296
2020-11-12,1362380.0271529905
2020-11-13,1364262.8723295762
2020-11-16,1373677.098212505
2020-11-17,1383844.4621660681
2020-11-18,1385727.3073426536
2020-11-19,1385225.2152955642
2020-11-20,1387359.1064956947
2020-11-23,1384974.1692720195
2020-11-24,1384346.5542131574
2020-11-25,1386103.876377971
2020-11-26,1394513.9181667205
2020-11-27,1383091.3240954336
2020-11-30,1383718.9391542957
2020-12-01,1388488.813601646
2020-12-02,1385601.7843308812
2020-12-03,1374304.713271367
2020-12-04,1366898.8555767962
2020-12-07,1364011.8263060316
2020-12-08,1357484.6296938676
2020-12-09,1356480.4455996884
2020-12-10,1354974.16945842
2020-12-11,1360748.2279999494
2020-12-14,1356103.8765643714
2020-12-15,1356731.4916232333
2020-12-16,1359744.0439057704
2020-12-17,1355476.2615055095
2020-12-18,1351334.0021170208
2020-12-21,1349827.7259757523
2020-12-22,1347066.2197167599
2020-12-23,1348446.972846256
2020-12-24,1350455.3410346142
2020-12-25,1354472.0774113303
2020-12-28,1355727.3075290541
2020-12-29,1353969.9853642408
2020-12-30,1357986.7217409571
2020-12-31,1346438.604657898
2021-01-04,1348070.4038109388
2021-01-05,1358614.336799819
2021-01-06,1359116.4288469085
2021-01-07,1366020.1944943897
2021-01-08,1371543.2070123744
2021-01-11,1370539.0229181955
2021-01-12,1373049.483153643
2021-01-13,1374179.1902595945
2021-01-14,1373677.098212505
2021-01-15,1390120.6127546872
2021-01-18,1390371.658778232
2021-01-19,1380580.863859986
2021-01-20,1375559.9433890907
2021-01-21,1365016.0104002105
2021-01-22,1366271.2405179343
2021-01-25,1370539.0229181955
2021-01-26,1366773.332565024
2021-01-27,1354597.6004231027
2021-01-28,1346564.1276696702
2021-01-29,1350078.771999297
2021-02-01,1353467.8933171513
2021-02-02,1348195.9268227112
2021-02-03,1347819.357787394
2021-02-04,1360246.1359528601
2021-02-05,1363384.2112471694
2021-02-08,1358614.336799819
2021-02-09,1359618.520893998
2021-02-10,1374430.2362831393
2021-02-18,1372296.3450830088
2021-02-19,1370915.5919535125
2021-02-22,1374430.2362831393
2021-02-23,1374179.1902595945
2021-02-24,1411836.0937913093
2021-02-25,1413216.8469208055
2021-02-26,1416354.9222151153
2021-03-01,1415601.7841444807
2021-03-02,1418237.7673917008
2021-03-03,1408070.4034381378
2021-03-04,1393635.2570843138
2021-03-05,1389367.4746840529
2021-03-08,1387108.0604721499
2021-03-09,1382965.8010836614
2021-03-10,1388739.859625191
2021-03-11,1393007.6420254519
2021-03-12,1392380.02696659
2021-03-15,1410706.386685358
2021-03-16,1408321.4494616827
2021-03-17,1408195.9264499103
2021-03-18,1389367.4746840529
2021-03-19,1394764.9641902654
2021-03-22,1392128.9809430453
2021-03-23,1383844.4621660681
2021-03-24,1381208.478918848
2021-03-25,1383342.3701189784
2021-03-26,1386857.0144486052
2021-03-29,1391501.3658841834
2021-03-30,1374304.713271367
2021-03-31,1372170.8220712363
2021-04-01,1374304.713271367
2021-04-02,1367149.901600341
2021-04-06,1370539.0229181955
2021-04-07,1363886.3032942591
2021-04-08,1359995.0899293153
2021-04-09,1356605.9686114609
2021-04-12,1352840.2782582894
2021-04-13,1358739.8598115915
2021-04-14,1357108.0606585504
2021-04-15,1360120.6129410877
2021-04-16,1361752.4120941286
2021-04-19,1358363.2907762742
2021-04-20,1357359.1066820952
2021-04-21,1362003.4581176732
2021-04-22,1350329.8180228418
2021-04-23,1345434.4205637188
2021-04-26,1348321.4498344837
2021-04-27,1345183.374540174
2021-04-28,1347819.357787394
2021-04-29,1351334.0021170208
2021-04-30,1348195.9268227112
2021-05-06,1349200.1109168902
2021-05-07,1343426.0523753606
2021-05-10,1344430.2364695398
2021-05-11,1337024.3787749691
2021-05-12,1335141.5335983834
2021-05-13,1337526.4708220586
2021-05-14,1338154.0858809205
2021-05-17,1340287.977081051
2021-05-18,1333760.7804688872
2021-05-19,1336271.2407043348
2021-05-20,1331250.3202334396
2021-05-21,1326480.445786089
2021-05-24,1333635.2574571148
2021-05-25,1338907.2239515549
2021-05-26,1338656.17792801
2021-05-27,1336020.19468079
2021-05-28,1332882.1193864804
2021-05-31,1331626.8892687568
2021-06-01,1333635.2574571148
2021-06-02,1332505.5503511634
2021-06-03,1328237.7679509022
2021-06-04,1323342.3704917794
2021-06-07,1324848.646633048
2021-06-08,1322965.8014564621
2021-06-09,1319702.2031503804
2021-06-10,1315183.3747265744
2021-06-11,1308530.6551026383
2021-06-15,1311041.115338086
2021-06-16,1311543.2073851754
2021-06-17,1306145.7178789629
2021-06-18,1301501.3664433847
2021-06-21,1301877.935478702
2021-06-22,1305267.0567965563
2021-06-23,1303133.1655964258
2021-06-24,1305392.5798083288
2021-06-25,1299995.0903021162
2021-06-28,1296480.4459724894
2021-06-29,1296605.9689842619
2021-06-30,1311292.1613616305
2021-07-01,1299618.521266799
2021-07-02,1296731.4919960343
2021-07-05,1305016.0107730115
2021-07-06,1299492.9982550265
2021-07-07,1299618.521266799
2021-07-08,1299744.0442785714
2021-07-09,1296731.4919960343
2021-07-12,1296982.538019579
2021-07-13,1289074.5882779188
2021-07-14,1292965.8016428626
2021-07-15,1298363.2911490751
2021-07-16,1292463.7095957731
2021-07-19,1287568.3121366503
2021-07-20,1283049.4837128446
2021-07-21,1289074.5882779188
2021-07-22,1287819.358160195
2021-07-23,1265852.831100028
2021-07-26,1250790.069687342
2021-07-27,1254932.3290758308
2021-07-28,1256313.082205327
2021-07-29,1257066.2202759613
2021-07-30,1260078.7725584984
2021-08-02,1259827.7265349536
2021-08-03,1255685.467146465
2021-08-04,1261208.4796644498
2021-08-05,1262589.232793946
2021-08-06,1277400.9481830872
2021-08-09,1272128.981688647
2021-08-10,1287819.358160195
2021-08-11,1281919.7766068932
2021-08-12,1283802.6217834787
2021-08-13,1285936.5129836092
2021-08-16,1287944.8811719674
2021-08-17,1295476.2618783102
2021-08-18,1288321.4502072847
2021-08-19,1283300.5297363892
2021-08-20,1284179.190818796
2021-08-23,1286689.6510542436
2021-08-24,1264346.5549587593
2021-08-25,1259702.2035231811
2021-08-26,1260078.7725584984
2021-08-27,1241626.889827958
2021-08-30,1246271.2412635363
2021-08-31,1259074.5884643192
2021-09-01,1263844.4629116699
2021-09-02,1260455.3415938155
2021-09-03,1255685.467146465
2021-09-06,1256187.5591935546
2021-09-07,1252923.9608874726
2021-09-08,1251292.1617344315
2021-09-09,1253802.6219698791
2021-09-10,1264597.6009823042
2021-09-13,1250413.500652025
2021-09-14,1243509.7350045438
2021-09-15,1236480.4463452904
2021-09-16,1237108.0614041523
2021-09-17,1249785.8855931628
2021-09-22,1255685.467146465
2021-09-23,1252798.4378757002
2021-09-24,1246396.7642753087
2021-09-27,1262338.1867704012
2021-09-28,1263467.8938763528
2021-09-29,1265225.216041166
2021-09-30,1264346.5549587593
2021-10-08,1275141.5339711844
2021-10-11,1277651.994206632
2021-10-12,1277651.994206632
2021-10-13,1265099.6930293937
2021-10-14,1262463.7097821736
2021-10-15,1252547.3918521553
2021-10-18,1252547.3918521553
2021-10-19,1248781.701498984
2021-10-20,1257944.8813583679
2021-10-21,1265476.2620647107
2021-10-22,1256187.5591935546
2021-10-25,1245267.057169357
2021-10-26,1244513.919098723
2021-10-27,1237861.1994747866
2021-10-28,1226313.0823917273
2021-10-29,1226062.0363681826
2021-11-01,1219158.2707207017
2021-11-02,1224304.7142033693
2021-11-03,1224430.2372151415
2021-11-04,1221417.6849326044
2021-11-05,1227568.3125094513
2021-11-08,1226438.6054034997
2021-11-09,1235978.354298201
2021-11-10,1258698.0194290022
2021-11-11,1245769.1492164468
2021-11-12,1241250.320792641
2021-11-15,1239241.9526042829
2021-11-16,1242003.4588632754
2021-11-17,1237359.1074276972
2021-11-18,1247526.47138126
2021-11-19,1238990.906580738
2021-11-22,1239241.9526042829
2021-11-23,1239995.0906749172
2021-11-24,1238990.906580738
2021-11-25,1236103.8773099734
2021-11-26,1229451.157686037
2021-11-29,1226940.6974505894
2021-11-30,1229576.6806978094
2021-12-01,1236605.9693570628
2021-12-02,1239618.5216396
2021-12-03,1242380.0278985924
2021-12-06,1248028.5634283496
2021-12-07,1246396.7642753087
2021-12-08,1253802.6219698791
2021-12-09,1250790.069687342
2021-12-10,1247526.47138126
2021-12-13,1242505.5509103648
2021-12-14,1243886.304039861
2021-12-15,1246145.7182517638
2021-12-16,1242882.119945682
2021-12-17,1243258.688980999
2021-12-20,1252672.9148639278
2021-12-21,1247024.3793341706
2021-12-22,1244388.3960869506
2021-12-23,1244262.8730751781
2021-12-24,1244011.8270516335
2021-12-27,1244764.9651222676
2021-12-28,1240999.2747690962
2021-12-29,1237735.6764630142
2021-12-30,1245769.1492164468
2021-12-31,1254932.3290758308
2022-01-04,1263467.8938763528
2022-01-05,1261961.6177350841
2022-01-06,1272505.5507239643
2022-01-07,1275894.6720418185
2022-01-10,1277651.994206632
2022-01-11,1274513.9189123225
2022-01-12,1267986.7223001586
2022-01-13,1257568.3123230508
2022-01-14,1259702.2035231811
2022-01-17,1268739.860370793
2022-01-18,1272631.0737357368
2022-01-19,1275267.0569829568
2022-01-20,1269367.4754296548
2022-01-21,1270120.6135002892
2022-01-24,1259074.5884643192
2022-01-25,1257944.8813583679
2022-01-26,1254304.7140169689
2022-01-27,1252923.9608874726
2022-01-28,1260204.2955702709
2022-02-07,1259827.7265349536
2022-02-08,1255057.852087603
2022-02-09,1259451.1574996365
2022-02-10,1263593.4168881252
2022-02-11,1251794.253781521
2022-02-14,1246396.7642753087
2022-02-15,1248781.701498984
2022-02-16,1246271.2412635363
2022-02-17,1254806.8060640583
2022-02-18,1257568.3123230508
2022-02-21,1256815.1742524165
2022-02-22,1252045.2998050658
2022-02-23,1246773.3333106257
2022-02-24,1242882.119945682
2022-02-25,1238739.8605571934
2022-02-28,1240999.2747690962
2022-03-01,1240246.1366984618
2022-03-02,1242380.0278985924
2022-03-03,1232589.2329803465
2022-03-04,1230455.341780216
2022-03-07,1219534.8397560187
2022-03-08,1210873.7519437242
2022-03-09,1208237.7686965042
2022-03-10,1206731.4925552355
2022-03-11,1199702.2038959821
2022-03-14,1183509.7353773448
2022-03-15,1192421.8692131839
2022-03-16,1207108.0615905528
2022-03-17,1216773.3334970262
2022-03-18,1208614.3377318215
2022-03-21,1218405.132650067
2022-03-22,1222547.3920385558
2022-03-23,1217149.9025323435
2022-03-24,1216271.2414499368
2022-03-25,1220790.0698737425
2022-03-28,1217149.9025323435
2022-03-29,1235978.354298201
2022-03-30,1238112.2454983313
2022-03-31,1257066.2202759613
2022-04-01,1264095.5089352147
2022-04-06,1260204.2955702709
2022-04-07,1267484.630253069
2022-04-08,1258070.4043701403
2022-04-11,1250915.5926991145
2022-04-12,1255057.852087603
2022-04-13,1261334.0026762222
2022-04-14,1265099.6930293937
2022-04-15,1255434.4211229202
2022-04-18,1257066.2202759613
2022-04-19,1240622.7057337791
2022-04-20,1239995.0906749172
2022-04-21,1246396.7642753087
2022-04-22,1234095.5091216152
2022-04-25,1235727.308274656
2022-04-26,1226564.128415272
2022-04-27,1232463.709968574
2022-04-28,1240999.2747690962
2022-04-29,1241626.889827958
2022-05-05,1229827.726721354
2022-05-06,1229702.2037095816
2022-05-09,1230706.3878037608
2022-05-10,1229451.157686037
2022-05-11,1223426.0531209626
2022-05-12,1232087.140933257
2022-05-13,1234723.124180477
2022-05-16,1237108.0614041523
2022-05-17,1233969.9861098428
2022-05-18,1239367.475616055
2022-05-19,1234974.1702040217
2022-05-20,1228070.4045565408
2022-05-23,1225183.3752857759
2022-05-24,1226438.6054034997
2022-05-25,1228572.4966036303
2022-05-26,1225434.4213093207
2022-05-27,1221417.6849326044
2022-05-30,1221292.161920832
2022-05-31,1222170.8230032388
2022-06-01,1220036.9318031082
2022-06-02,1214764.965308668
2022-06-06,1216522.2874734816
2022-06-07,1217903.0406029776
2022-06-08,1221543.2079443769
2022-06-09,1221919.776979694
2022-06-10,1217024.379520571
2022-06-13,1220539.0238501977
2022-06-14,1227944.8815447683
2022-06-15,1225936.5133564102
2022-06-16,1225559.9443210931
2022-06-17,1230957.4338273054
2022-06-20,1230957.4338273054
2022-06-21,1227442.7894976789
2022-06-22,1230831.9108155333
2022-06-23,1227944.8815447683
2022-06-24,1230078.772744899
2022-06-27,1229325.6346742646
2022-06-28,1244137.3500634057
2022-06-29,1255057.852087603
2022-06-30,1253802.6219698791
2022-07-01,1251417.684746204
2022-07-04,1249283.7935460734
2022-07-05,1242128.9818750476
2022-07-06,1238614.337545421
2022-07-07,1239744.0446513724
2022-07-08,1235978.354298201
2022-07-11,1236605.9693570628
2022-07-12,1235727.308274656
2022-07-13,1228572.4966036303
2022-07-14,1218907.2246971568
2022-07-15,1222421.8690267834
2022-07-18,1221166.6389090596
2022-07-19,1220664.54686197
2022-07-20,1214764.965308668
2022-07-21,1215894.6724146195
2022-07-22,1217400.9485558881
2022-07-25,1224304.7142033693
2022-07-26,1220664.54686197
2022-07-27,1219283.7937324739
2022-07-28,1213760.7812144891
2022-07-29,1209492.998814228
2022-08-01,1205099.6934021947
2022-08-02,1199325.634860665
2022-08-03,1201459.5260607956
2022-08-04,1204346.5553315603
2022-08-05,1201961.6181078851
2022-08-08,1201459.5260607956
2022-08-09,1199827.7269077545
2022-08-10,1202087.1411196576
2022-08-11,1203342.3712373814
2022-08-12,1202212.6641314297
2022-08-15,1205225.216413967
2022-08-16,1209618.5218260004
2022-08-17,1208488.814720049
2022-08-18,1211250.3209790415
2022-08-19,1211752.413026131
2022-08-22,1209367.4758024556
2022-08-23,1206354.9235199185
2022-08-24,1196438.6055899002
2022-08-25,1196438.6055899002
2022-08-26,1193175.0072838182
2022-08-29,1197191.7436605345
2022-08-30,1206480.446531691
2022-08-31,1209116.429778911
2022-09-01,1208614.3377318215
2022-09-02,1213258.6891673997
2022-09-05,1221794.2539679217
2022-09-06,1217651.994579433
2022-09-07,1218405.132650067
2022-09-08,1225559.9443210931
2022-09-09,1225936.5133564102
2022-09-13,1222547.3920385558
2022-09-14,1229953.2497331265
2022-09-15,1223677.0991445074
2022-09-16,1225936.5133564102
2022-09-19,1218154.0866265225
2022-09-20,1218154.0866265225
2022-09-21,1217275.4255441157
2022-09-22,1217526.4715676606
2022-09-23,1216647.810485254
2022-09-26,1218656.178673612
2022-09-27,1216898.8565087987
2022-09-28,1213007.6431438548
2022-09-29,1221543.2079443769
2022-09-30,1220664.54686197
2022-10-10,1210873.7519437242
2022-10-11,1213384.2121791719
2022-10-12,1208614.3377318215
2022-10-13,1211375.8439908137
2022-10-14,1206103.8774963738
2022-10-17,1203342.3712373814
2022-10-18,1200706.3879901613
2022-10-19,1200078.7729312994
2022-10-20,1200957.434013706
2022-10-21,1193049.484272046
2022-10-24,1192923.9612602736
2022-10-25,1186898.8566951992
2022-10-26,1184639.4424832962
2022-10-27,1177735.6768358152
2022-10-28,1167442.7898704798
2022-10-31,1171710.5722707408
2022-11-01,1172338.1873296027
2022-11-02,1168949.0660117483
2022-11-03,1173969.9864826435
2022-11-04,1176354.923706319
2022-11-07,1176731.492741636
2022-11-08,1180371.6600830352
2022-11-09,1177610.1538240428
2022-11-10,1195559.9445074936
2022-11-11,1203467.8942491538
2022-11-14,1202965.802202064
2022-11-15,1196815.1746252174
2022-11-16,1196187.5595663555
2022-11-17,1194179.1913779974
2022-11-18,1193175.0072838182
2022-11-21,1193551.5763191355
2022-11-22,1192170.8231896393
2022-11-23,1198823.5428135756
2022-11-24,1215141.5343439854
2022-11-25,1212631.0741085375
2022-11-28,1234095.5091216152
2022-11-29,1231836.0949097122
2022-11-30,1236229.4003217455
2022-12-01,1228572.4966036303
2022-12-02,1235225.2162275666
2022-12-05,1238488.8145336485
2022-12-06,1229953.2497331265
2022-12-07,1240999.2747690962
2022-12-08,1254555.7600405135
2022-12-09,1241877.935851503
2022-12-12,1242254.50488682
2022-12-13,1239367.475616055
2022-12-14,1237735.6764630142
2022-12-15,1240999.2747690962
2022-12-16,1240622.7057337791
2022-12-19,1232589.2329803465
2022-12-20,1232463.709968574
2022-12-21,1232840.2790038912
2022-12-22,1233467.8940627533
2022-12-23,1228321.4505800856
2022-12-26,1230078.772744899
2022-12-27,1230957.4338273054
2022-12-28,1225685.4673328656
2022-12-29,1226187.559379955
2022-12-30,1226564.128415272
2023-01-03,1237108.0614041523
2023-01-04,1240371.6597102343
2023-01-05,1238990.906580738
2023-01-06,1233467.8940627533
2023-01-09,1233718.940086298
2023-01-10,1236103.8773099734
2023-01-11,1231208.4798508503
2023-01-12,1233467.8940627533
2023-01-13,1232463.709968574
2023-01-16,1232965.8020156636
2023-01-17,1229702.2037095816
2023-01-18,1230580.8647919884
2023-01-19,1230957.4338273054
2023-01-20,1224806.8062504588
2023-01-30,1227317.2664859064
2023-01-31,1226062.0363681826
2023-02-01,1225936.5133564102
2023-02-02,1223300.5301091901
2023-02-03,1214639.4422968957
2023-02-06,1218154.0866265225
2023-02-07,1217400.9485558881
2023-02-08,1219534.8397560187
2023-02-09,1219534.8397560187
2023-02-10,1219409.3167442463
2023-02-13,1220036.9318031082
2023-02-14,1215392.58036753
2023-02-15,1215267.0573557576
2023-02-16,1212254.5050732205
2023-02-17,1218154.0866265225
2023-02-20,1219032.7477089292
2023-02-21,1216522.2874734816
2023-02-22,1217024.379520571
2023-02-23,1213886.3042262616
2023-02-24,1213384.2121791719
2023-02-27,1212882.1201320824
2023-02-28,1213886.3042262616
2023-03-01,1207735.6766494147
2023-03-02,1208739.8607435937
2023-03-03,1204221.032319788
2023-03-06,1200204.2959430716
2023-03-07,1199702.2038959821
2023-03-08,1200078.7729312994
2023-03-09,1196438.6055899002
2023-03-10,1196564.1286016726
2023-03-13,1195434.4214957212
2023-03-14,1196815.1746252174
2023-03-15,1195434.4214957212
2023-03-16,1197317.266672307
2023-03-17,1195057.852460404
2023-03-20,1195308.8984839488
2023-03-21,1197317.266672307
2023-03-22,1196815.1746252174
2023-03-23,1196187.5595663555
2023-03-24,1191919.7771660944
2023-03-27,1190413.501024826
2023-03-28,1190915.5930719154
2023-03-29,1193551.5763191355
2023-03-30,1189032.7478953297
2023-03-31,1191166.63909546
2023-04-03,1187903.040789378
2023-04-04,1186522.2876598819
2023-04-06,1196313.0825781277
2023-04-07,1194806.8064368593
2023-04-10,1199074.5888371202
2023-04-11,1199200.1118488926
2023-04-12,1196689.651613445
2023-04-13,1196187.5595663555
2023-04-14,1197693.835707624
2023-04-17,1197317.266672307
2023-04-18,1192045.3001778668
2023-04-19,1191417.685119005
2023-04-20,1189785.8859659638
2023-04-21,1184764.9654950686
2023-04-24,1184513.9194715237
2023-04-25,1183509.7353773448
2023-04-26,1185016.0115186134
2023-04-27,1187777.517777606
2023-04-28,1185392.5805539305
2023-05-04,1192798.4382485012
2023-05-05,1193300.5302955906
2023-05-08,1191919.7771660944
2023-05-09,1189785.8859659638
2023-05-10,1189785.8859659638
2023-05-11,1186773.3336834267
2023-05-12,1186773.3336834267
2023-05-15,1184890.488506841
2023-05-16,1183258.6893538
2023-05-17,1181250.321165442
2023-05-18,1180246.1370712628
2023-05-19,1181877.936224304
2023-05-22,1179995.0910477182
2023-05-23,1174848.6475650503
2023-05-24,1175852.8316592295
2023-05-25,1176103.877682774
2023-05-26,1173844.4634708713
2023-05-29,1177986.72285936
2023-05-30,1176480.4467180914
2023-05-31,1173467.894435554
2023-06-01,1179995.0910477182
2023-06-02,1177986.72285936
2023-06-05,1179241.9529770836
2023-06-06,1181250.321165442
2023-06-07,1184639.4424832962
2023-06-08,1181877.936224304
2023-06-09,1180622.7061065799
2023-06-12,1181250.321165442
2023-06-13,1178488.8149064495
2023-06-14,1182505.5512831658
2023-06-15,1180246.1370712628
2023-06-16,1175852.8316592295
2023-06-19,1173593.4174473265
2023-06-20,1172714.75636492
2023-06-21,1170329.8191412445
2023-06-26,1177610.1538240428
2023-06-27,1176229.4006945465
2023-06-28,1173593.4174473265
2023-06-29,1173718.940459099
2023-06-30,1175350.7396121398
2023-07-03,1173718.940459099
2023-07-04,1173091.325400237
2023-07-05,1173091.325400237
2023-07-06,1171836.0952825132
2023-07-07,1172338.1873296027
2023-07-10,1171710.5722707408
2023-07-11,1169451.158058838
2023-07-12,1170957.4342001064
2023-07-13,1170706.3881765618
2023-07-14,1169827.727094155
2023-07-17,1169702.2040823826
2023-07-18,1172212.6643178302
2023-07-19,1171961.6182942856
2023-07-20,1173216.8484120094
2023-07-21,1170957.4342001064
2023-07-24,1185016.0115186134
2023-07-25,1184388.3964597515
2023-07-26,1182631.0742949382
2023-07-27,1188907.2248835573
2023-07-28,1189158.2709071022
2023-07-31,1187149.9027187438
2023-08-01,1186773.3336834267
2023-08-02,1190413.501024826
2023-08-03,1189032.7478953297
2023-08-04,1182631.0742949382
2023-08-07,1180748.2291183523
2023-08-08,1182254.505259621
2023-08-09,1182882.1203184829
2023-08-10,1180999.2751418971
2023-08-11,1178488.8149064495
2023-08-14,1177108.0617769533
2023-08-15,1180246.1370712628
2023-08-16,1180120.6140594904
2023-08-17,1177359.1078004981
2023-08-18,1173216.8484120094
2023-08-21,1173718.940459099
2023-08-22,1171208.4802236513
2023-08-23,1169827.727094155
2023-08-24,1166438.6057763007
2023-08-25,1174095.5094944162
2023-08-28,1175978.354671002
2023-08-29,1175978.354671002
2023-08-30,1168949.0660117483
2023-08-31,1174095.5094944162
2023-09-01,1173969.9864826435
2023-09-04,1171961.6182942856
2023-09-05,1175601.7856356846
2023-09-06,1173467.894435554
2023-09-07,1172338.1873296027
2023-09-08,1169702.2040823826
2023-09-11,1169074.5890235207
2023-09-12,1168698.0199882037
2023-09-13,1167317.2668587074
2023-09-14,1166187.559752756
2023-09-15,1164806.8066232598
2023-09-18,1164681.2836114874
2023-09-19,1164555.760599715
2023-09-20,1164179.191564398
2023-09-21,1165810.9907174387
2023-09-22,1162672.9154231292
2023-09-25,1161794.2543407225
2023-09-26,1161543.2083171778
2023-09-27,1161919.777352495
2023-09-28,1159534.8401288197
2023-10-09,1158656.179046413
2023-10-10,1158028.563987551
2023-10-11,1158907.2250699578
2023-10-12,1155769.149775648
2023-10-13,1150999.2753282976
2023-10-16,1148112.2460575327
2023-10-17,1144723.1247396786
2023-10-18,1141585.0494453688
2023-10-19,1144095.5096808164
2023-10-20,1143593.417633727
2023-10-23,1144095.5096808164
2023-10-24,1144597.6017279061
2023-10-25,1142965.802574865
2023-10-26,1143718.9406454994
2023-10-27,1143342.3716101823
2023-10-30,1139953.250292328
2023-10-31,1140078.7733041004
2023-11-01,1138572.4971628317
2023-11-02,1139200.1122216936
2023-11-03,1147986.7230457603
2023-11-06,1147484.6309986708
2023-11-07,1149995.0912341184
2023-11-08,1147861.200033988
2023-11-09,1146982.5389515813
2023-11-10,1144848.6477514508
2023-11-13,1145601.785822085
2023-11-14,1146982.5389515813
2023-11-15,1145852.83184563
2023-11-16,1143593.417633727
2023-11-17,1142965.802574865
2023-11-20,1147359.1079868984
2023-11-21,1146354.9238927194
2023-11-22,1150497.1832812082
2023-11-23,1149869.5682223462
2023-11-24,1145852.83184563
2023-11-27,1145225.216786768
2023-11-28,1141585.0494453688
2023-11-29,1141334.0034218242
2023-11-30,1140831.9113747345
2023-12-01,1138070.4051157422
2023-12-04,1133175.0076566192
2023-12-05,1133928.1457272535
2023-12-06,1134555.7607861154
2023-12-07,1133049.4846448468
2023-12-08,1131166.639468261
2023-12-11,1135936.5139156117
2023-12-12,1131292.1624800335
2023-12-13,1129534.8403152202
2023-12-14,1131292.1624800335
2023-12-15,1130036.9323623097
2023-12-18,1128028.5641739515
2023-12-19,1126522.2880326828
2023-12-20,1128530.656221041
2023-12-21,1128028.5641739515
2023-12-22,1127024.3800797726
2023-12-25,1125392.5809267315
2023-12-26,1125392.5809267315
2023-12-27,1129785.8863387648
2023-12-28,1129032.7482681307
2023-12-29,1125141.5349031866
2024-01-02,1124890.488879642
2024-01-03,1122380.0286441944
2024-01-04,1123133.1667148287
2024-01-05,1120999.2755146981
2024-01-08,1121752.4135853325
2024-01-09,1119995.091420519
2024-01-10,1120246.1374440638
2024-01-11,1119492.9993734295
2024-01-12,1119618.5223852019
2024-01-15,1118363.292267478
2024-01-16,1114974.1709496237
2024-01-17,1115727.309020258
2024-01-18,1115852.8320320304
2024-01-19,1111334.0036082247
2024-01-22,1112965.8027612655
2024-01-23,1115852.8320320304
2024-01-24,1122756.5976795114
2024-01-25,1125769.1499620485
2024-01-26,1124011.8277972352
2024-01-29,1120622.7064793808
2024-01-30,1118237.7692557056
2024-01-31,1116229.4010673475
2024-02-01,1116857.0161262094
2024-02-02,1112965.8027612655
2024-02-05,1117108.0621497543
2024-02-06,1117233.5851615267
2024-02-07,1124011.8277972352
2024-02-08,1121250.3215382427
2024-02-19,1122003.459608877
2024-02-20,1125894.672973821
2024-02-21,1125141.5349031866
2024-02-22,1125769.1499620485
2024-02-23,1123007.6437030563
2024-02-26,1124011.8277972352
2024-02-27,1122380.0286441944
2024-02-28,1123760.7817736906
2024-02-29,1121877.9365971046
2024-03-01,1116103.878055575
2024-03-04,1116731.493114437
2024-03-05,1114848.6479378513
2024-03-06,1113342.3717965828
2024-03-07,1112965.8027612655
2024-03-08,1116480.4470908924
2024-03-11,1123258.689726601
2024-03-12,1119367.476361657
2024-03-13,1119618.5223852019
2024-03-14,1116605.9701026645
2024-03-15,1116229.4010673475
2024-03-18,1114848.6479378513
2024-03-19,1115225.2169731685
2024-03-20,1115727.309020258
2024-03-21,1113969.9868554445
2024-03-22,1114974.1709496237
2024-03-25,1116480.4470908924
2024-03-26,1113342.3717965828
2024-03-27,1113718.9408318999
2024-03-28,1110706.3885493628
2024-03-29,1110455.342525818
2024-04-01,1104430.2379607435
2024-04-02,1100539.0245957996
2024-04-03,1098154.0873721244
2024-04-08,1098028.564360352
2024-04-09,1092882.1208776843
2024-04-10,1091124.798712871
2024-04-11,1086857.01631261
2024-04-12,1087359.1083596994
2024-04-15,1086480.4472772928
2024-04-16,1086857.01631261
2024-04-17,1084095.5100536174
2024-04-18,1081836.0958417146
2024-04-19,1081710.5728299422
2024-04-22,1080204.2966886736
2024-04-23,1079827.7276533565
2024-04-24,1079953.250665129
2024-04-25,1083969.987041845
2024-04-26,1092631.0748541395
2024-04-29,1090748.2296775538
2024-04-30,1091375.8447364157
2024-05-06,1092128.98280705
2024-05-07,1088112.2464303337
2024-05-08,1089367.4765480575
2024-05-09,1092631.0748541395
2024-05-10,1090873.7526893262
2024-05-13,1091375.8447364157
2024-05-14,1094764.96605427
2024-05-15,1100413.5015840272
2024-05-16,1110706.3885493628
2024-05-17,1112965.8027612655
2024-05-20,1113091.325773038
2024-05-21,1115727.309020258
2024-05-22,1117735.6772086162
2024-05-23,1110580.8655375903
2024-05-24,1109074.5893963217
2024-05-27,1104681.2839842883
2024-05-28,1105434.4220549227
2024-05-29,1101543.2086899788
2024-05-30,1101292.162666434
2024-05-31,1099283.7944780758
2024-06-03,1102672.9157959302
2024-06-04,1099534.8405016207
2024-06-05,1098405.133395669
2024-06-06,1100287.978572255
2024-06-07,1098279.6103838969
2024-06-11,1096773.3342426282
2024-06-12,1094513.9200307252
2024-06-13,1097400.94930149
2024-06-14,1093760.7819600909
2024-06-17,1092254.5058188224
2024-06-18,1091501.367748188
2024-06-19,1088237.7694421061
2024-06-20,1087986.7234185613
2024-06-21,1085476.2631831137
2024-06-24,1086982.5393243823
2024-06-25,1087986.7234185613
2024-06-26,1085601.786194886
2024-06-27,1084723.1251124793
2024-06-28,1089241.953536285
2024-07-01,1087233.585347927
2024-07-02,1087610.1543832442
2024-07-03,1084848.6481242517
2024-07-04,1084095.5100536174
2024-07-05,1081459.5268063974
2024-07-08,1081961.618853487
2024-07-09,1081208.4807828527
2024-07-10,1083216.848971211
2024-07-11,1084974.1711360242
2024-07-12,1083467.8949947555
2024-07-15,1084597.6021007071
2024-07-16,1087108.0623361547
2024-07-17,1087359.1083596994
2024-07-18,1086354.9242655204
2024-07-19,1085350.7401713412
2024-07-22,1083718.9410183004
2024-07-23,1081208.4807828527
2024-07-24,1081836.0958417146
2024-07-25,1083593.418006528
2024-07-26,1081710.5728299422
2024-07-29,1082463.7109005766
2024-07-30,1086731.4933008375
2024-07-31,1084346.5560771623
2024-08-01,1083216.848971211
2024-08-02,1082840.2799358936
2024-08-05,1084095.5100536174
2024-08-06,1082965.802947666
2024-08-07,1084597.6021007071
2024-08-08,1087861.200406789
2024-08-09,1084095.5100536174
2024-08-12,1083467.8949947555
2024-08-13,1082840.2799358936
2024-08-14,1084472.0790889347
2024-08-15,1083091.3259594385
2024-08-16,1083091.3259594385
2024-08-19,1081459.5268063974
2024-08-20,1079953.250665129
2024-08-21,1078949.0665709497
2024-08-22,1078195.9285003154
2024-08-23,1079702.204641584
2024-08-26,1076940.6983825916
2024-08-27,1075810.9912766402
2024-08-28,1076062.037300185
2024-08-29,1082589.233912349
2024-08-30,1078321.4515120878
2024-09-02,1079576.6816298116
2024-09-03,1078823.5435591773
2024-09-04,1080455.3427122184
2024-09-05,1078949.0665709497
2024-09-06,1077693.836453226
2024-09-09,1076815.1753708192
2024-09-10,1076940.6983825916
2024-09-11,1076940.6983825916
2024-09-12,1077066.221394364
2024-09-13,1079200.1125944946
2024-09-18,1082714.7569241212
2024-09-19,1084221.0330653898
2024-09-20,1084723.1251124793
2024-09-23,1087108.0623361547
2024-09-24,1089492.99955983
2024-09-25,1098656.179419214
2024-09-26,1108698.0203610046
2024-09-27,1119744.0453969743
2024-09-30,1128028.5641739515
2024-10-08,1114974.1709496237
2024-10-09,1112212.6646906312
2024-10-10,1111961.6186670866
2024-10-11,1114974.1709496237
2024-10-14,1113216.8487848104
2024-10-15,1123258.689726601
2024-10-16,1113342.3717965828
2024-10-17,1115350.7399849407
2024-10-18,1113091.325773038
2024-10-21,1113718.9408318999
2024-10-22,1114848.6479378513
2024-10-23,1112212.6646906312
2024-10-24,1112463.710714176
2024-10-25,1115601.7860084856
2024-10-28,1112338.1877024036
2024-10-29,1113467.894808355
2024-10-30,1114221.0328789894
2024-10-31,1112087.1416788588
2024-11-01,1111585.0496317693
2024-11-04,1114974.1709496237
2024-11-05,1116982.5391379818
2024-11-06,1121877.9365971046
2024-11-07,1117108.0621497543
2024-11-08,1114472.0789025342
2024-11-11,1113091.325773038
2024-11-12,1111585.0496317693
2024-11-13,1110078.7734905006
2024-11-14,1107066.2212079635
2024-11-15,1108698.0203610046
2024-11-18,1107568.313255053
2024-11-19,1107693.8362668254
2024-11-20,1106689.6521726465
2024-11-21,1103426.0538665645
2024-11-22,1102923.961819475
2024-11-25,1102672.9157959302
2024-11-26,1103802.6229018816
2024-11-27,1104179.1919371989
2024-11-28,1105685.4680784673
2024-11-29,1106689.6521726465
2024-12-02,1107442.7902432808
2024-12-03,1105057.8530196054
2024-12-04,1104681.2839842883
2024-12-05,1106689.6521726465
2024-12-06,1103426.0538665645
2024-12-09,1105434.4220549227
2024-12-10,1106313.0831373292
2024-12-11,1106815.175184419
2024-12-12,1103300.530854792
2024-12-13,1101041.116642889
2024-12-16,1099911.4095369377
2024-12-17,1099911.4095369377
2024-12-18,1097024.3802661728
2024-12-19,1095894.6731602214
2024-12-20,1093886.3049718633
2024-12-23,1094764.96605427
2024-12-24,1092380.0288305948
2024-12-25,1092003.4597952776
2024-12-26,1092505.551842367
2024-12-27,1090120.6146186918
2024-12-30,1088865.384500968
